{"classification_metrics": {"accuracy": {"value": 0.8882294757665677}, "precision": {"value": 0.16129032258064516}, "recall": {"value": 0.024390243902439025}, "f1": {"value": 0.04237288135593221}, "roc_auc": {"value": 0.5050404714283797}}}