{"classification_metrics": {"accuracy": {"value": 0.8417408506429278}, "precision": {"value": 0.3333333333333333}, "recall": {"value": 0.003134796238244514}, "f1": {"value": 0.006211180124223602}, "roc_auc": {"value": 0.5009801990586408}}}